algoritmo,perda,bitrate
Reno,0.001%,575
Reno,0.001%,503
Reno,0.001%,503
Reno,0.001%,598
Reno,0.001%,650
Reno,0.001%,503
Reno,0.001%,503
Reno,0.001%,493
Reno,0.001%,493
Reno,0.01%,628
Reno,0.01%,472
Reno,0.01%,493
Reno,0.01%,503
Reno,0.01%,503
Reno,0.01%,503
Reno,0.01%,514
Reno,0.01%,503
Reno,0.01%,503
Reno,0.1%,563
Reno,0.1%,734
Reno,0.1%,598
Reno,0.1%,755
Reno,0.1%,556
Reno,0.1%,703
Reno,0.1%,755
Reno,0.1%,608
Reno,0.1%,514
Reno,1%,665
Reno,1%,535
Reno,1%,608
Reno,1%,545
Reno,1%,409
Reno,1%,556
Reno,1%,577
Reno,1%,545
Reno,1%,535
Reno,10%,173
Reno,10%,121
Reno,10%,114
Reno,10%,77
Reno,10%,142
Reno,10%,197
Reno,10%,147
Reno,10%,177
Reno,10%,295
Westwood,0.001%,458
Westwood,0.001%,493
Westwood,0.001%,503
Westwood,0.001%,398
Westwood,0.001%,336
Westwood,0.001%,493
Westwood,0.001%,503
Westwood,0.001%,514
Westwood,0.001%,493
Westwood,0.01%,414
Westwood,0.01%,535
Westwood,0.01%,493
Westwood,0.01%,493
Westwood,0.01%,483
Westwood,0.01%,503
Westwood,0.01%,493
Westwood,0.01%,493
Westwood,0.01%,493
Westwood,0.1%,467
Westwood,0.1%,283
Westwood,0.1%,388
Westwood,0.1%,241
Westwood,0.1%,451
Westwood,0.1%,273
Westwood,0.1%,262
Westwood,0.1%,398
Westwood,0.1%,461
Westwood,1%,375
Westwood,1%,469
Westwood,1%,388
Westwood,1%,440
Westwood,1%,587
Westwood,1%,440
Westwood,1%,419
Westwood,1%,440
Westwood,1%,461
Westwood,10%,"52,1"
Westwood,10%,132
Westwood,10%,123
Westwood,10%,107
Westwood,10%,"96,9"
Westwood,10%,123
Westwood,10%,197
Westwood,10%,239
Westwood,10%,103