algoritmo,perda,bitrate
Reno,0.001%,566
Reno,0.001%,493
Reno,0.001%,503
Reno,0.001%,503
Reno,0.001%,493
Reno,0.001%,503
Reno,0.001%,461
Reno,0.001%,461
Reno,0.001%,503
Reno,0.01%,544
Reno,0.01%,503
Reno,0.01%,493
Reno,0.01%,503
Reno,0.01%,430
Reno,0.01%,409
Reno,0.01%,493
Reno,0.01%,503
Reno,0.01%,503
Reno,0.1%,665
Reno,0.1%,629
Reno,0.1%,451
Reno,0.1%,524
Reno,0.1%,419
Reno,0.1%,650
Reno,0.1%,451
Reno,0.1%,451
Reno,0.1%,650
Reno,1%,568
Reno,1%,570
Reno,1%,577
Reno,1%,461
Reno,1%,472
Reno,1%,577
Reno,1%,472
Reno,1%,493
Reno,1%,514
Reno,10%,236
Reno,10%,144
Reno,10%,222
Reno,10%,76
Reno,10%,165
Reno,10%,123
Reno,10%,241
Reno,10%,118
Reno,10%,228
Westwood,0.001%,485
Westwood,0.001%,493
Westwood,0.001%,503
Westwood,0.001%,493
Westwood,0.001%,587
Westwood,0.001%,577
Westwood,0.001%,503
Westwood,0.001%,493
Westwood,0.001%,503
Westwood,0.01%,485
Westwood,0.01%,493
Westwood,0.01%,503
Westwood,0.01%,493
Westwood,0.01%,587
Westwood,0.01%,577
Westwood,0.01%,503
Westwood,0.01%,493
Westwood,0.01%,503
Westwood,0.1%,374
Westwood,0.1%,377
Westwood,0.1%,535
Westwood,0.1%,482
Westwood,0.1%,566
Westwood,0.1%,367
Westwood,0.1%,545
Westwood,0.1%,524
Westwood,0.1%,357
Westwood,1%,459
Westwood,1%,440
Westwood,1%,430
Westwood,1%,524
Westwood,1%,514
Westwood,1%,430
Westwood,1%,503
Westwood,1%,503
Westwood,1%,482
Westwood,10%,131
Westwood,10%,234
Westwood,10%,"14,7"
Westwood,10%,"62,9"
Westwood,10%,"23,6"
Westwood,10%,227
Westwood,10%,"7,33"
Westwood,10%,0
Westwood,10%,0