algoritmo,perda,bitrate
Cubic,0.001%,"539,00"
Cubic,0.001%,"503,00"
Cubic,0.001%,"493,00"
Cubic,0.001%,"503,00"
Cubic,0.001%,"503,00"
Cubic,0.001%,"493,00"
Cubic,0.001%,"503,00"
Cubic,0.001%,"493,00"
Cubic,0.001%,"503,00"
Cubic,0.01%,"544,00"
Cubic,0.01%,"503,00"
Cubic,0.01%,"493,00"
Cubic,0.01%,"493,00"
Cubic,0.01%,"503,00"
Cubic,0.01%,"503,00"
Cubic,0.01%,"493,00"
Cubic,0.01%,"503,00"
Cubic,0.01%,"493,00"
Cubic,0.1%,"417,00"
Cubic,0.1%,"682,00"
Cubic,0.1%,"650,00"
Cubic,0.1%,"482,00"
Cubic,0.1%,"682,00"
Cubic,0.1%,"682,00"
Cubic,0.1%,"650,00"
Cubic,0.1%,"566,00"
Cubic,0.1%,"619,00"
Cubic,1%,"638,00"
Cubic,1%,"535,00"
Cubic,1%,"535,00"
Cubic,1%,"388,00"
Cubic,1%,"608,00"
Cubic,1%,"482,00"
Cubic,1%,"493,00"
Cubic,1%,"493,00"
Cubic,1%,"503,00"
Cubic,10%,191
Cubic,10%,133
Cubic,10%,130
Cubic,10%,"78,6"
Cubic,10%,210
Cubic,10%,"74,9"
Cubic,10%,"88,6"
Cubic,10%,155
Cubic,10%,269
Westwood,0.001%,"493,00"
Westwood,0.001%,"493,00"
Westwood,0.001%,"503,00"
Westwood,0.001%,"493,00"
Westwood,0.001%,"503,00"
Westwood,0.001%,"503,00"
Westwood,0.001%,"493,00"
Westwood,0.001%,"503,00"
Westwood,0.001%,"493,00"
Westwood,0.01%,"484,00"
Westwood,0.01%,"503,00"
Westwood,0.01%,"503,00"
Westwood,0.01%,"493,00"
Westwood,0.01%,"503,00"
Westwood,0.01%,"503,00"
Westwood,0.01%,"493,00"
Westwood,0.01%,"503,00"
Westwood,0.01%,"503,00"
Westwood,0.1%,"630,00"
Westwood,0.1%,"315,00"
Westwood,0.1%,"346,00"
Westwood,0.1%,"524,00"
Westwood,0.1%,"294,00"
Westwood,0.1%,"325,00"
Westwood,0.1%,"346,00"
Westwood,0.1%,"430,00"
Westwood,0.1%,"398,00"
Westwood,1%,"392,00"
Westwood,1%,"458,00"
Westwood,1%,"459,00"
Westwood,1%,"603,00"
Westwood,1%,"398,00"
Westwood,1%,"514,00"
Westwood,1%,"482,00"
Westwood,1%,"514,00"
Westwood,1%,"493,00"
Westwood,10%,"191,00"
Westwood,10%,"133,00"
Westwood,10%,"130,00"
Westwood,10%,"78,6"
Westwood,10%,"210,00"
Westwood,10%,"74,9"
Westwood,10%,"88,6"
Westwood,10%,"155,00"
Westwood,10%,"269,00"